{
  "total_pop": 5805501,
  "group_pop": {
    "0-19": 1411161,
    "20-39": 1697671,
    "40-64": 1818147,
    "65+": 878522
  },
  "betta": 0.8308,
  "lamb": 1.395,
  "gamm": 0.2,
  "alpha": 2.5,
  "pS": {
    "0-19": 0.110023,
    "20-39": 0.35705,
    "40-64": 0.561205,
    "65+": 0.774879
  },
  "hosp": {
    "tslices": [147, 250],
    "value": {
      "0-19": [0.0386, 0.0386, 0.0239],
      "20-39": [0.0622, 0.0637, 0.0398],
      "40-64": [0.0863, 0.0850, 0.0563],
      "65+": [0.1343, 0.1343, 0.1343]
    }
  },
  "dh": {
    "tslices": [159, 250, 374],
    "value": {
      "0-19": [0.005504587, 0.005504587, 0.005504587, 0.005504587],
      "20-39": [0.015475, 0.015475, 0.015475, 0.015475],
      "40-64": [0.0719, 0.0335, 0.0559, 0.04],
      "65+": [0.2979, 0.2037, 0.2037, 0.15]
    }
  },
  "dnh": {
    "tslices": [159, 374],
    "value": {
      "0-19": [0.000147, 0.000147, 0.000147],
      "20-39": [0.000595, 0.000595, 0.000595],
      "40-64": [0.00152, 0.00101, 0.00089],
      "65+": [0.02806, 0.0152, 0.0051]
    }
  },
    "hlos": {
    "tslices": [190, 679],
    "value": {
      "0-19": [5.8303, 5.5747, 5.5747],
      "20-39": [6.366447985, 5.231230631, 5.231230631],
      "40-64": [10.54149451, 8.486187615, 8.486187615],
      "65+": [10.53665902, 8.136581647, 8.136581647]
    }
  },
  "priorinf_fail_rate": {"0-19": 0.03, "20-39": 0.03, "40-64": 0.03, "65+": 0.12},
  "imm_decay_days": 360,
  "initial_seed": {"tslices": [1], "value": [2.2, 0]},
  "alpha_seed": {"tslices": [290, 315], "value": [0, 1, 0]},
  "delta_seed": {"tslices": [408, 443], "value": [0, 1, 0]},
  "om_seed": {"tslices": [662, 687], "value": [0, 1, 0]},
  "ba2_seed": {"tslices": [691, 716], "value": [0, 1, 0]},
  "immunity": 0,
  "severe_immunity": 0,
  "shot1_fail_rate": {"0-19": 0.02, "20-39": 0.02, "40-64": 0.02, "65+": 0.08},
  "shot2_fail_rate": {"0-19": 0.02, "20-39": 0.02, "40-64": 0.02, "65+": 0.08},
  "shot3_fail_rate": {"0-19": 0.01, "20-39": 0.01, "40-64": 0.01, "65+": 0.04}
}