{
  "total_pop": 5805501,
  "group_pop": {
    "0-19": 1411161,
    "20-39": 1697671,
    "40-64": 1818147,
    "65+": 878522
  },
  "betta": 0.8308,
  "lamb": 1.395,
  "gamm": 0.2  ,
  "alpha": 2.5,
  "pS": {
    "0-19": 0.110023,
    "20-39": 0.35705,
    "40-64": 0.561205,
    "65+": 0.774879
  },
  "hosp": {
    "tslices": [147, 250],
    "value": {
      "0-19": [0.0386, 0.0386, 0.0239],
      "20-39": [0.0622, 0.0637, 0.0398],
      "40-64": [0.0863, 0.0850, 0.0563],
      "65+": [0.1343, 0.1343, 0.1343]
    }
  },
  "dh": {
    "tslices": [159, 250, 374],
    "value": {
      "0-19": [0.005504587, 0.005504587, 0.005504587, 0.005504587],
      "20-39": [0.015475, 0.015475, 0.015475, 0.015475],
      "40-64": [0.0719, 0.0335, 0.0559, 0.04],
      "65+": [0.2979, 0.2037, 0.2037, 0.15]
    }
  },
  "dnh": {
    "tslices": [159, 374],
    "value": {
      "0-19": [0.000147, 0.000147, 0.000147],
      "20-39": [0.000595, 0.000595, 0.000595],
      "40-64": [0.00152, 0.00101, 0.00089],
      "65+": [0.02806, 0.0152, 0.0051]
    }
  },
    "hlos": {
    "tslices": [190, 679],
    "value": {
      "0-19": [5.8303, 5.5747, 5.5747],
      "20-39": [6.366447985, 5.231230631, 5.231230631],
      "40-64": [10.54149451, 8.486187615, 8.486187615],
      "65+": [10.53665902, 8.136581647, 8.136581647]
    }
  },
  "vacc_eff": 1,
  "vacc_fail_rate": {"0-19": 0.03, "20-39": 0.03, "40-64": 0.03, "65+": 0.14},
  "immune_rate_I": 0.925,
  "immune_rate_A": 0.85,
  "immune_decay_days_1": 400,
  "immune_decay_days_2": 400,
  "nondelta_prevalence": 1,
  "delta_max_efficacy_reduction": 0.6,
  "unvacc_relative_transm": 1,
  "om_seed": 0,
  "omicron_transm_mult": 1,
  "omicron_acq_immune_escape": 0.0,
  "omicron_vacc_immune_escape": 0.0,
  "delta_vacc_eff_k": 1.6,
  "omicron_vacc_eff_k": 1.6
}